Date,Day,Slot Time,Venue,Court,Status,Price,Last checked
2026-10-07,Wed,12:00 am to 12:30 am,Way To Slams Tennis Academy,Tennis (Clay Courts),Not Booked,300,07 Oct 00:26
2026-10-07,Wed,12:30 am to 1:00 am,Way To Slams Tennis Academy,Tennis (Clay Courts),Not Booked,300,07 Oct 00:57
2026-10-07,Wed,1:00 am to 1:30 am,Way To Slams Tennis Academy,Tennis (Clay Courts),Not Booked,300,07 Oct 01:24
2026-10-07,Wed,1:30 am to 2:00 am,Way To Slams Tennis Academy,Tennis (Clay Courts),Not Booked,300,07 Oct 01:58
2026-10-07,Wed,2:00 am to 2:30 am,Way To Slams Tennis Academy,Tennis (Clay Courts),Not Booked,300,07 Oct 02:24
2026-10-07,Wed,2:30 am to 3:00 am,Way To Slams Tennis Academy,Tennis (Clay Courts),Not Booked,300,07 Oct 02:56
2026-10-07,Wed,3:00 am to 3:30 am,Way To Slams Tennis Academy,Tennis (Clay Courts),Not Booked,300,07 Oct 03:23
2026-10-07,Wed,3:30 am to 4:00 am,Way To Slams Tennis Academy,Tennis (Clay Courts),Not Booked,300,07 Oct 03:57
2026-10-07,Wed,4:00 am to 4:30 am,Way To Slams Tennis Academy,Tennis (Clay Courts),Not Booked,300,07 Oct 04:23
2026-10-07,Wed,4:30 am to 5:00 am,Way To Slams Tennis Academy,Tennis (Clay Courts),Not Booked,300,07 Oct 04:56
2026-10-07,Wed,5:00 am to 5:30 am,Spodium Arena | Sector 29,Tennis Court (Clay),Not Booked,199,07 Oct 05:23
2026-10-07,Wed,5:00 am to 5:30 am,Way To Slams Tennis Academy,Tennis (Clay Courts),Not Booked,300,07 Oct 05:23
2026-10-07,Wed,5:30 am to 6:00 am,Spodium Arena | Sector 29,Tennis Court (Clay),Not Booked,199,07 Oct 05:23
2026-10-07,Wed,5:30 am to 6:00 am,Way To Slams Tennis Academy,Tennis (Clay Courts),Not Booked,300,07 Oct 05:23
2026-10-07,Wed,6:00 am to 7:00 am,Indrayu Jeta Sports | Noida,Tennis (Acrylic Court),Not Booked,222,07 Oct 06:58
2026-10-07,Wed,6:00 am to 6:30 am,Spodium Arena | Sector 29,Tennis Court (Clay),Not Booked,199,07 Oct 06:08
2026-10-07,Wed,6:00 am to 6:30 am,Way To Slams Tennis Academy,Tennis (Clay Courts),Not Booked,300,07 Oct 06:08
2026-10-07,Wed,6:30 am to 7:00 am,Spodium Arena | Sector 29,Tennis Court (Clay),Not Booked,199,07 Oct 06:58
2026-10-07,Wed,6:30 am to 7:00 am,Way To Slams Tennis Academy,Tennis (Clay Courts),Not Booked,300,07 Oct 06:58
2026-10-07,Wed,7:00 am to 7:30 am,Spodium Arena | Sector 29,Tennis Court (Clay),Not Booked,199,07 Oct 07:24
2026-10-07,Wed,7:30 am to 8:00 am,Spodium Arena | Sector 29,Tennis Court (Clay),Not Booked,199,07 Oct 07:58
2026-10-07,Wed,9:00 am to 10:00 am,Apex Sports Academy | Noida,Tennis (Clay Courts),Filling Fast,400,07 Oct 09:26
2026-10-07,Wed,9:00 am to 9:30 am,Way To Slams Tennis Academy,Tennis (Clay Courts),Not Booked,150,07 Oct 09:26
2026-10-07,Wed,9:30 am to 10:00 am,Way To Slams Tennis Academy,Tennis (Clay Courts),Not Booked,150,07 Oct 09:26
2026-10-07,Wed,10:00 am to 11:00 am,Apex Sports Academy | Noida,Tennis (Clay Courts),Filling Fast,400,07 Oct 10:59
2026-10-07,Wed,10:00 am to 10:30 am,Global Sports Complex | Noida,Tennis Court,Not Booked,300,07 Oct 10:26
2026-10-07,Wed,10:00 am to 10:30 am,Way To Slams Tennis Academy,Tennis (Clay Courts),Not Booked,150,07 Oct 10:26
2026-10-07,Wed,10:30 am to 11:00 am,Global Sports Complex | Noida,Tennis Court,Not Booked,300,07 Oct 10:59
2026-10-07,Wed,10:30 am to 11:00 am,Way To Slams Tennis Academy,Tennis (Clay Courts),Not Booked,150,07 Oct 10:59
2026-10-07,Wed,11:00 am to 12:00 pm,Apex Sports Academy | Noida,Tennis (Clay Courts),Filling Fast,400,07 Oct 11:25
2026-10-07,Wed,11:00 am to 11:30 am,Global Sports Complex | Noida,Tennis Court,Not Booked,300,07 Oct 11:25
2026-10-07,Wed,11:00 am to 11:30 am,Way To Slams Tennis Academy,Tennis (Clay Courts),Not Booked,150,07 Oct 11:25
2026-10-07,Wed,11:30 am to 12:00 pm,Global Sports Complex | Noida,Tennis Court,Not Booked,300,07 Oct 11:25
2026-10-07,Wed,11:30 am to 12:00 pm,Way To Slams Tennis Academy,Tennis (Clay Courts),Not Booked,150,07 Oct 11:25
2026-10-07,Wed,12:00 pm to 1:00 pm,Apex Sports Academy | Noida,Tennis (Clay Courts),Filling Fast,400,07 Oct 12:29
2026-10-07,Wed,12:00 pm to 12:30 pm,Global Sports Complex | Noida,Tennis Court,Not Booked,300,07 Oct 12:29
2026-10-07,Wed,12:00 pm to 12:30 pm,Way To Slams Tennis Academy,Tennis (Clay Courts),Not Booked,150,07 Oct 12:29
2026-10-07,Wed,12:30 pm to 1:00 pm,Global Sports Complex | Noida,Tennis Court,Not Booked,300,07 Oct 12:29
2026-10-07,Wed,12:30 pm to 1:00 pm,Way To Slams Tennis Academy,Tennis (Clay Courts),Not Booked,150,07 Oct 12:29
2026-10-07,Wed,1:00 pm to 2:00 pm,Apex Sports Academy | Noida,Tennis (Clay Courts),Filling Fast,400,07 Oct 13:25
2026-10-07,Wed,1:00 pm to 1:30 pm,Global Sports Complex | Noida,Tennis Court,Not Booked,300,07 Oct 13:25
2026-10-07,Wed,1:00 pm to 1:30 pm,Way To Slams Tennis Academy,Tennis (Clay Courts),Not Booked,150,07 Oct 13:25
2026-10-07,Wed,1:30 pm to 2:00 pm,Global Sports Complex | Noida,Tennis Court,Not Booked,300,07 Oct 13:25
2026-10-07,Wed,1:30 pm to 2:00 pm,Way To Slams Tennis Academy,Tennis (Clay Courts),Not Booked,150,07 Oct 13:25
2026-10-07,Wed,2:00 pm to 3:00 pm,Apex Sports Academy | Noida,Tennis (Clay Courts),Filling Fast,400,07 Oct 14:26
2026-10-07,Wed,2:00 pm to 2:30 pm,Global Sports Complex | Noida,Tennis Court,Not Booked,300,07 Oct 14:26
2026-10-07,Wed,2:00 pm to 2:30 pm,Spodium Arena | Sector 29,Tennis Court (Clay),Not Booked,199,07 Oct 14:26
2026-10-07,Wed,2:00 pm to 2:30 pm,Way To Slams Tennis Academy,Tennis (Clay Courts),Not Booked,150,07 Oct 14:26
2026-10-07,Wed,2:30 pm to 3:00 pm,Global Sports Complex | Noida,Tennis Court,Not Booked,300,07 Oct 14:26
2026-10-07,Wed,2:30 pm to 3:00 pm,Spodium Arena | Sector 29,Tennis Court (Clay),Not Booked,199,07 Oct 14:26
2026-10-07,Wed,2:30 pm to 3:00 pm,Way To Slams Tennis Academy,Tennis (Clay Courts),Not Booked,150,07 Oct 14:26
2026-10-07,Wed,3:00 pm to 4:00 pm,Apex Sports Academy | Noida,Tennis (Clay Courts),Filling Fast,400,07 Oct 15:59
2026-10-07,Wed,3:00 pm to 3:30 pm,Global Sports Complex | Noida,Tennis Court,Filling Fast,300,07 Oct 15:26
2026-10-07,Wed,3:00 pm to 3:30 pm,Spodium Arena | Sector 29,Tennis Court (Clay),Not Booked,199,07 Oct 15:26
2026-10-07,Wed,3:00 pm to 3:30 pm,Way To Slams Tennis Academy,Tennis (Clay Courts),Not Booked,150,07 Oct 15:26
2026-10-07,Wed,3:30 pm to 4:00 pm,Global Sports Complex | Noida,Tennis Court,Filling Fast,300,07 Oct 15:59
2026-10-07,Wed,3:30 pm to 4:00 pm,Spodium Arena | Sector 29,Tennis Court (Clay),Not Booked,199,07 Oct 15:59
2026-10-07,Wed,3:30 pm to 4:00 pm,Way To Slams Tennis Academy,Tennis (Clay Courts),Not Booked,150,07 Oct 15:59
2026-10-07,Wed,4:00 pm to 4:30 pm,Global Sports Complex | Noida,Tennis Court,Filling Fast,300,07 Oct 16:26
2026-10-07,Wed,4:00 pm to 4:30 pm,Spodium Arena | Sector 29,Tennis Court (Clay),Not Booked,199,07 Oct 16:26
2026-10-07,Wed,4:00 pm to 4:30 pm,Way To Slams Tennis Academy,Tennis (Clay Courts),Not Booked,150,07 Oct 16:26
2026-10-07,Wed,4:30 pm to 5:00 pm,Global Sports Complex | Noida,Tennis Court,Filling Fast,300,07 Oct 16:26
2026-10-07,Wed,4:30 pm to 5:00 pm,Spodium Arena | Sector 29,Tennis Court (Clay),Not Booked,199,07 Oct 16:26
2026-10-07,Wed,5:00 pm to 5:30 pm,Spodium Arena | Sector 29,Tennis Court (Clay),Not Booked,199,07 Oct 16:26
2026-10-07,Wed,6:00 pm to 7:00 pm,Indrayu Jeta Sports | Noida,Tennis (Acrylic Court),Booked,222,07 Oct 16:26
2026-10-07,Wed,7:00 pm to 8:00 pm,Indrayu Jeta Sports | Noida,Tennis (Acrylic Court),Booked,222,07 Oct 16:26
2026-10-07,Wed,7:30 pm to 8:00 pm,Spodium Arena | Sector 29,Tennis Court (Clay),Not Booked,199,07 Oct 16:26
2026-10-07,Wed,7:30 pm to 8:00 pm,Way To Slams Tennis Academy,Tennis (Clay Courts),Not Booked,300,07 Oct 16:26
2026-10-07,Wed,8:00 pm to 9:00 pm,Apex Sports Academy | Noida,Tennis (Clay Courts),Filling Fast,400,07 Oct 16:26
2026-10-07,Wed,8:00 pm to 9:00 pm,Indrayu Jeta Sports | Noida,Tennis (Acrylic Court),Booked,222,07 Oct 16:26
2026-10-07,Wed,8:00 pm to 8:30 pm,Spodium Arena | Sector 29,Tennis Court (Clay),Not Booked,199,07 Oct 16:26
2026-10-07,Wed,8:00 pm to 8:30 pm,Way To Slams Tennis Academy,Tennis (Clay Courts),Not Booked,300,07 Oct 16:26
2026-10-07,Wed,8:30 pm to 9:00 pm,Spodium Arena | Sector 29,Tennis Court (Clay),Not Booked,199,07 Oct 16:26
2026-10-07,Wed,8:30 pm to 9:00 pm,Way To Slams Tennis Academy,Tennis (Clay Courts),Not Booked,300,07 Oct 16:26
2026-10-07,Wed,9:00 pm to 9:30 pm,Spodium Arena | Sector 29,Tennis Court (Clay),Not Booked,199,07 Oct 16:26
2026-10-07,Wed,9:00 pm to 9:30 pm,Way To Slams Tennis Academy,Tennis (Clay Courts),Not Booked,300,07 Oct 16:26
2026-10-07,Wed,9:30 pm to 10:00 pm,Spodium Arena | Sector 29,Tennis Court (Clay),Not Booked,199,07 Oct 16:26
2026-10-07,Wed,9:30 pm to 10:00 pm,Way To Slams Tennis Academy,Tennis (Clay Courts),Not Booked,300,07 Oct 16:26
2026-10-07,Wed,10:00 pm to 10:30 pm,Spodium Arena | Sector 29,Tennis Court (Clay),Not Booked,199,07 Oct 16:26
2026-10-07,Wed,10:00 pm to 10:30 pm,Way To Slams Tennis Academy,Tennis (Clay Courts),Not Booked,300,07 Oct 16:26
2026-10-07,Wed,10:30 pm to 11:00 pm,Spodium Arena | Sector 29,Tennis Court (Clay),Not Booked,199,07 Oct 16:26
2026-10-07,Wed,10:30 pm to 11:00 pm,Way To Slams Tennis Academy,Tennis (Clay Courts),Not Booked,300,07 Oct 16:26
2026-10-07,Wed,11:00 pm to 11:30 pm,Spodium Arena | Sector 29,Tennis Court (Clay),Not Booked,199,07 Oct 16:26
2026-10-07,Wed,11:00 pm to 11:30 pm,Way To Slams Tennis Academy,Tennis (Clay Courts),Not Booked,300,07 Oct 16:26
2026-10-07,Wed,11:30 pm to 12:00 am,Spodium Arena | Sector 29,Tennis Court (Clay),Not Booked,199,07 Oct 16:26
2026-10-07,Wed,11:30 pm to 12:00 am,Way To Slams Tennis Academy,Tennis (Clay Courts),Not Booked,300,07 Oct 16:26
