Date,Day,Slot Time,Tennis (Acrylic Court),Last checked
10 Oct 2026,Sat,5:00 am to 6:00 am,,
10 Oct 2026,Sat,6:00 am to 7:00 am,Not Booked,10 Oct 06:58
10 Oct 2026,Sat,7:00 am to 8:00 am,Booked,10 Oct 07:57
10 Oct 2026,Sat,8:00 am to 9:00 am,Not Booked,10 Oct 08:57
10 Oct 2026,Sat,9:00 am to 10:00 am,Not Booked,10 Oct 09:57
10 Oct 2026,Sat,10:00 am to 11:00 am,Not Booked,10 Oct 10:56
10 Oct 2026,Sat,11:00 am to 12:00 pm,Not Booked,10 Oct 11:24
10 Oct 2026,Sat,12:00 pm to 1:00 pm,Not Booked,10 Oct 12:58
10 Oct 2026,Sat,1:00 pm to 2:00 pm,Not Booked,10 Oct 13:57
10 Oct 2026,Sat,2:00 pm to 3:00 pm,Not Booked,10 Oct 14:57
10 Oct 2026,Sat,3:00 pm to 4:00 pm,Not Booked,10 Oct 15:56
10 Oct 2026,Sat,4:00 pm to 5:00 pm,Not Booked,10 Oct 16:55
10 Oct 2026,Sat,5:00 pm to 6:00 pm,Not Booked,10 Oct 17:24
10 Oct 2026,Sat,6:00 pm to 7:00 pm,Booked,10 Oct 18:57
10 Oct 2026,Sat,7:00 pm to 8:00 pm,Booked,10 Oct 18:57
10 Oct 2026,Sat,8:00 pm to 9:00 pm,Booked,10 Oct 18:57
