Date,Day,Slot Time,Tennis Court (Clay),Last checked
09 Oct 2026,Fri,5:00 am to 5:30 am,Not Booked,09 Oct 05:24
09 Oct 2026,Fri,5:30 am to 6:00 am,Not Booked,09 Oct 05:24
09 Oct 2026,Fri,6:00 am to 6:30 am,Not Booked,09 Oct 06:10
09 Oct 2026,Fri,6:30 am to 7:00 am,Not Booked,09 Oct 06:35
09 Oct 2026,Fri,7:00 am to 7:30 am,Not Booked,09 Oct 07:25
09 Oct 2026,Fri,7:30 am to 8:00 am,Not Booked,09 Oct 07:56
09 Oct 2026,Fri,8:00 am to 8:30 am,,
09 Oct 2026,Fri,8:30 am to 9:00 am,,
09 Oct 2026,Fri,9:00 am to 9:30 am,,
09 Oct 2026,Fri,9:30 am to 10:00 am,,
09 Oct 2026,Fri,10:00 am to 10:30 am,,
09 Oct 2026,Fri,10:30 am to 11:00 am,,
09 Oct 2026,Fri,11:00 am to 11:30 am,,
09 Oct 2026,Fri,11:30 am to 12:00 pm,,
09 Oct 2026,Fri,12:00 pm to 12:30 pm,,
09 Oct 2026,Fri,12:30 pm to 1:00 pm,,
09 Oct 2026,Fri,1:00 pm to 1:30 pm,,
09 Oct 2026,Fri,1:30 pm to 2:00 pm,,
09 Oct 2026,Fri,2:00 pm to 2:30 pm,Not Booked,09 Oct 14:27
09 Oct 2026,Fri,2:30 pm to 3:00 pm,Not Booked,09 Oct 14:27
09 Oct 2026,Fri,3:00 pm to 3:30 pm,Not Booked,09 Oct 15:26
09 Oct 2026,Fri,3:30 pm to 4:00 pm,Not Booked,09 Oct 15:26
09 Oct 2026,Fri,4:00 pm to 4:30 pm,Not Booked,09 Oct 16:26
09 Oct 2026,Fri,4:30 pm to 5:00 pm,Booked,09 Oct 16:57
09 Oct 2026,Fri,5:00 pm to 5:30 pm,Booked,09 Oct 16:57
09 Oct 2026,Fri,5:30 pm to 6:00 pm,,
09 Oct 2026,Fri,6:00 pm to 6:30 pm,,
09 Oct 2026,Fri,6:30 pm to 7:00 pm,,
09 Oct 2026,Fri,7:00 pm to 7:30 pm,,
09 Oct 2026,Fri,7:30 pm to 8:00 pm,Not Booked,09 Oct 16:57
09 Oct 2026,Fri,8:00 pm to 8:30 pm,Not Booked,09 Oct 16:57
09 Oct 2026,Fri,8:30 pm to 9:00 pm,Not Booked,09 Oct 16:57
09 Oct 2026,Fri,9:00 pm to 9:30 pm,Not Booked,09 Oct 16:57
09 Oct 2026,Fri,9:30 pm to 10:00 pm,Not Booked,09 Oct 16:57
09 Oct 2026,Fri,10:00 pm to 10:30 pm,Not Booked,09 Oct 16:57
09 Oct 2026,Fri,10:30 pm to 11:00 pm,Not Booked,09 Oct 16:57
09 Oct 2026,Fri,11:00 pm to 11:30 pm,Not Booked,09 Oct 16:57
09 Oct 2026,Fri,11:30 pm to 12:00 am,Not Booked,09 Oct 16:57
