Date,Day,Slot Time,Tennis (Clay Courts),Last checked
29 Sep 2026,Tue,12:00 am to 12:30 am,Not Booked,29 Sep 00:25
29 Sep 2026,Tue,12:30 am to 1:00 am,Not Booked,29 Sep 00:56
29 Sep 2026,Tue,1:00 am to 1:30 am,Not Booked,29 Sep 01:23
29 Sep 2026,Tue,1:30 am to 2:00 am,Not Booked,29 Sep 01:55
29 Sep 2026,Tue,2:00 am to 2:30 am,Not Booked,29 Sep 02:25
29 Sep 2026,Tue,2:30 am to 3:00 am,Not Booked,29 Sep 02:55
29 Sep 2026,Tue,3:00 am to 3:30 am,Not Booked,29 Sep 03:22
29 Sep 2026,Tue,3:30 am to 4:00 am,Not Booked,29 Sep 03:55
29 Sep 2026,Tue,4:00 am to 4:30 am,Not Booked,29 Sep 04:21
29 Sep 2026,Tue,4:30 am to 5:00 am,Not Booked,29 Sep 04:55
29 Sep 2026,Tue,5:00 am to 5:30 am,Not Booked,29 Sep 05:22
29 Sep 2026,Tue,5:30 am to 6:00 am,Not Booked,29 Sep 05:22
29 Sep 2026,Tue,6:00 am to 6:30 am,Not Booked,29 Sep 06:27
29 Sep 2026,Tue,6:30 am to 7:00 am,Not Booked,29 Sep 06:55
29 Sep 2026,Tue,7:00 am to 7:30 am,,
29 Sep 2026,Tue,7:30 am to 8:00 am,,
29 Sep 2026,Tue,8:00 am to 8:30 am,,
29 Sep 2026,Tue,8:30 am to 9:00 am,,
29 Sep 2026,Tue,9:00 am to 9:30 am,Not Booked,29 Sep 09:24
29 Sep 2026,Tue,9:30 am to 10:00 am,Not Booked,29 Sep 09:57
29 Sep 2026,Tue,10:00 am to 10:30 am,Not Booked,29 Sep 10:24
29 Sep 2026,Tue,10:30 am to 11:00 am,Not Booked,29 Sep 10:56
29 Sep 2026,Tue,11:00 am to 11:30 am,Not Booked,29 Sep 11:24
29 Sep 2026,Tue,11:30 am to 12:00 pm,Not Booked,29 Sep 11:24
29 Sep 2026,Tue,12:00 pm to 12:30 pm,Not Booked,29 Sep 12:27
29 Sep 2026,Tue,12:30 pm to 1:00 pm,Not Booked,29 Sep 12:58
29 Sep 2026,Tue,1:00 pm to 1:30 pm,Not Booked,29 Sep 13:24
29 Sep 2026,Tue,1:30 pm to 2:00 pm,Not Booked,29 Sep 13:59
29 Sep 2026,Tue,2:00 pm to 2:30 pm,Not Booked,29 Sep 14:24
29 Sep 2026,Tue,2:30 pm to 3:00 pm,Not Booked,29 Sep 14:58
29 Sep 2026,Tue,3:00 pm to 3:30 pm,Not Booked,29 Sep 15:25
29 Sep 2026,Tue,3:30 pm to 4:00 pm,Not Booked,29 Sep 15:58
29 Sep 2026,Tue,4:00 pm to 4:30 pm,Not Booked,29 Sep 16:24
29 Sep 2026,Tue,4:30 pm to 5:00 pm,,
29 Sep 2026,Tue,5:00 pm to 5:30 pm,,
29 Sep 2026,Tue,5:30 pm to 6:00 pm,,
29 Sep 2026,Tue,6:00 pm to 6:30 pm,,
29 Sep 2026,Tue,6:30 pm to 7:00 pm,,
29 Sep 2026,Tue,7:00 pm to 7:30 pm,,
29 Sep 2026,Tue,7:30 pm to 8:00 pm,Not Booked,29 Sep 19:59
29 Sep 2026,Tue,8:00 pm to 8:30 pm,Not Booked,29 Sep 20:25
29 Sep 2026,Tue,8:30 pm to 9:00 pm,Not Booked,29 Sep 20:25
29 Sep 2026,Tue,9:00 pm to 9:30 pm,Not Booked,29 Sep 21:25
29 Sep 2026,Tue,9:30 pm to 10:00 pm,Not Booked,29 Sep 21:25
29 Sep 2026,Tue,10:00 pm to 10:30 pm,Not Booked,29 Sep 22:26
29 Sep 2026,Tue,10:30 pm to 11:00 pm,Not Booked,29 Sep 22:57
29 Sep 2026,Tue,11:00 pm to 11:30 pm,Not Booked,29 Sep 22:57
29 Sep 2026,Tue,11:30 pm to 12:00 am,Not Booked,29 Sep 22:57
