Date,Day,Slot Time,Pickleball Court 1,Pickleball Court 2,Pickleball Court 3,Last checked
09 Oct 2026,Fri,6:00 am to 6:30 am,Not Booked,Not Booked,Not Booked,09 Oct 06:18
09 Oct 2026,Fri,6:30 am to 7:00 am,Not Booked,Not Booked,Not Booked,09 Oct 06:18
09 Oct 2026,Fri,7:00 am to 7:30 am,Not Booked,Not Booked,Not Booked,09 Oct 07:08
09 Oct 2026,Fri,7:30 am to 8:00 am,Not Booked,Not Booked,Not Booked,09 Oct 07:36
09 Oct 2026,Fri,8:00 am to 8:30 am,Not Booked,Not Booked,Not Booked,09 Oct 08:03
09 Oct 2026,Fri,8:30 am to 9:00 am,Not Booked,Not Booked,Not Booked,09 Oct 08:35
09 Oct 2026,Fri,9:00 am to 9:30 am,Not Booked,Not Booked,Not Booked,09 Oct 09:06
09 Oct 2026,Fri,9:30 am to 10:00 am,Not Booked,Not Booked,Not Booked,09 Oct 09:37
09 Oct 2026,Fri,10:00 am to 10:30 am,Not Booked,Not Booked,Not Booked,09 Oct 10:06
09 Oct 2026,Fri,10:30 am to 11:00 am,Not Booked,Not Booked,Not Booked,09 Oct 10:36
09 Oct 2026,Fri,11:00 am to 11:30 am,Not Booked,Not Booked,Not Booked,09 Oct 11:04
09 Oct 2026,Fri,11:30 am to 12:00 pm,Not Booked,Not Booked,Not Booked,09 Oct 11:36
09 Oct 2026,Fri,12:00 pm to 12:30 pm,Not Booked,Not Booked,Not Booked,09 Oct 12:10
09 Oct 2026,Fri,12:30 pm to 1:00 pm,Not Booked,Not Booked,Not Booked,09 Oct 12:42
09 Oct 2026,Fri,1:00 pm to 1:30 pm,Not Booked,Not Booked,Not Booked,09 Oct 13:09
09 Oct 2026,Fri,1:30 pm to 2:00 pm,Not Booked,Not Booked,Not Booked,09 Oct 13:38
09 Oct 2026,Fri,2:00 pm to 2:30 pm,Not Booked,Not Booked,Not Booked,09 Oct 13:38
09 Oct 2026,Fri,2:30 pm to 3:00 pm,Not Booked,Not Booked,Not Booked,09 Oct 14:39
09 Oct 2026,Fri,3:00 pm to 3:30 pm,Not Booked,Not Booked,Not Booked,09 Oct 15:07
09 Oct 2026,Fri,3:30 pm to 4:00 pm,Not Booked,Not Booked,Not Booked,09 Oct 15:38
09 Oct 2026,Fri,4:00 pm to 4:30 pm,Not Booked,Not Booked,Not Booked,09 Oct 16:08
09 Oct 2026,Fri,4:30 pm to 5:00 pm,Not Booked,Not Booked,Not Booked,09 Oct 16:35
09 Oct 2026,Fri,5:00 pm to 5:30 pm,Not Booked,Not Booked,Not Booked,09 Oct 16:35
09 Oct 2026,Fri,5:30 pm to 6:00 pm,Not Booked,Not Booked,Not Booked,09 Oct 16:35
09 Oct 2026,Fri,6:00 pm to 6:30 pm,Not Booked,Not Booked,Not Booked,09 Oct 16:35
09 Oct 2026,Fri,6:30 pm to 7:00 pm,Not Booked,Not Booked,Not Booked,09 Oct 16:35
09 Oct 2026,Fri,7:00 pm to 7:30 pm,Not Booked,Not Booked,Not Booked,09 Oct 16:35
09 Oct 2026,Fri,7:30 pm to 8:00 pm,Not Booked,Not Booked,Not Booked,09 Oct 16:35
09 Oct 2026,Fri,8:00 pm to 8:30 pm,Not Booked,Not Booked,Not Booked,09 Oct 16:35
09 Oct 2026,Fri,8:30 pm to 9:00 pm,Not Booked,Not Booked,Not Booked,09 Oct 16:35
09 Oct 2026,Fri,9:00 pm to 9:30 pm,Not Booked,Not Booked,Not Booked,09 Oct 16:35
09 Oct 2026,Fri,9:30 pm to 10:00 pm,Not Booked,Not Booked,Not Booked,09 Oct 16:35
09 Oct 2026,Fri,10:00 pm to 10:30 pm,Not Booked,Not Booked,Not Booked,09 Oct 16:35
09 Oct 2026,Fri,10:30 pm to 11:00 pm,Not Booked,Not Booked,Not Booked,09 Oct 16:35
