Date,Day,Slot Time,Pickleball (Indoor),Last checked
28 Sep 2026,Mon,5:00 am to 6:00 am,Not Booked,28 Sep 05:30
28 Sep 2026,Mon,6:00 am to 7:00 am,Not Booked,28 Sep 06:38
28 Sep 2026,Mon,7:00 am to 8:00 am,Not Booked,28 Sep 07:30
28 Sep 2026,Mon,8:00 am to 9:00 am,Not Booked,28 Sep 08:34
28 Sep 2026,Mon,9:00 am to 10:00 am,Not Booked,28 Sep 09:34
28 Sep 2026,Mon,10:00 am to 11:00 am,Not Booked,28 Sep 10:36
28 Sep 2026,Mon,11:00 am to 12:00 pm,Not Booked,28 Sep 11:33
28 Sep 2026,Mon,12:00 pm to 1:00 pm,Not Booked,28 Sep 12:40
28 Sep 2026,Mon,1:00 pm to 2:00 pm,Not Booked,28 Sep 13:34
28 Sep 2026,Mon,2:00 pm to 3:00 pm,Not Booked,28 Sep 14:37
28 Sep 2026,Mon,3:00 pm to 4:00 pm,Not Booked,28 Sep 15:36
28 Sep 2026,Mon,4:00 pm to 5:00 pm,Not Booked,28 Sep 16:34
28 Sep 2026,Mon,5:00 pm to 6:00 pm,Filling Fast,28 Sep 17:36
28 Sep 2026,Mon,6:00 pm to 7:00 pm,Filling Fast,28 Sep 18:40
28 Sep 2026,Mon,7:00 pm to 8:00 pm,Filling Fast,28 Sep 19:35
28 Sep 2026,Mon,8:00 pm to 9:00 pm,Filling Fast,28 Sep 20:37
28 Sep 2026,Mon,9:00 pm to 10:00 pm,Filling Fast,28 Sep 21:35
28 Sep 2026,Mon,10:00 pm to 11:00 pm,Not Booked,28 Sep 22:35
28 Sep 2026,Mon,11:00 pm to 12:00 am,Not Booked,28 Sep 23:06
