Date,Day,Slot Time,Pickleball Courts (Outdoor),Last checked
28 Sep 2026,Mon,6:00 am to 6:30 am,,
28 Sep 2026,Mon,6:30 am to 7:00 am,,
28 Sep 2026,Mon,7:00 am to 7:30 am,,
28 Sep 2026,Mon,7:30 am to 8:00 am,,
28 Sep 2026,Mon,8:00 am to 8:30 am,,
28 Sep 2026,Mon,8:30 am to 9:00 am,,
28 Sep 2026,Mon,9:00 am to 9:30 am,,
28 Sep 2026,Mon,9:30 am to 10:00 am,,
28 Sep 2026,Mon,10:00 am to 10:30 am,,
28 Sep 2026,Mon,10:30 am to 11:00 am,,
28 Sep 2026,Mon,11:00 am to 11:30 am,,
28 Sep 2026,Mon,11:30 am to 12:00 pm,,
28 Sep 2026,Mon,12:00 pm to 12:30 pm,,
28 Sep 2026,Mon,12:30 pm to 1:00 pm,,
28 Sep 2026,Mon,1:00 pm to 1:30 pm,,
28 Sep 2026,Mon,1:30 pm to 2:00 pm,,
28 Sep 2026,Mon,2:00 pm to 2:30 pm,,
28 Sep 2026,Mon,2:30 pm to 3:00 pm,,
28 Sep 2026,Mon,3:00 pm to 3:30 pm,,
28 Sep 2026,Mon,3:30 pm to 4:00 pm,,
28 Sep 2026,Mon,4:00 pm to 4:30 pm,Not Booked,28 Sep 16:07
28 Sep 2026,Mon,4:30 pm to 5:00 pm,Not Booked,28 Sep 16:34
28 Sep 2026,Mon,5:00 pm to 5:30 pm,Not Booked,28 Sep 17:07
28 Sep 2026,Mon,5:30 pm to 6:00 pm,Not Booked,28 Sep 17:36
28 Sep 2026,Mon,6:00 pm to 6:30 pm,Not Booked,28 Sep 18:11
28 Sep 2026,Mon,6:30 pm to 7:00 pm,Not Booked,28 Sep 18:40
28 Sep 2026,Mon,7:00 pm to 7:30 pm,Not Booked,28 Sep 19:05
28 Sep 2026,Mon,7:30 pm to 8:00 pm,Not Booked,28 Sep 19:35
28 Sep 2026,Mon,8:00 pm to 8:30 pm,Not Booked,28 Sep 20:09
28 Sep 2026,Mon,8:30 pm to 9:00 pm,Not Booked,28 Sep 20:37
28 Sep 2026,Mon,9:00 pm to 9:30 pm,Not Booked,28 Sep 20:37
28 Sep 2026,Mon,9:30 pm to 10:00 pm,Not Booked,28 Sep 20:37
28 Sep 2026,Mon,10:00 pm to 10:30 pm,,
28 Sep 2026,Mon,10:30 pm to 11:00 pm,,
28 Sep 2026,Mon,11:00 pm to 11:30 pm,,
28 Sep 2026,Mon,11:30 pm to 12:00 am,,
